_BRAND_CODE	_BRAND_DESCRIPTION_EN	_BRAND_DESCRIPTION_HK	_PRODUCT_TEMPLATE_CODE	_PRODUCT_TEMPLATE_DESC_EN	_PRODUCT_TEMPLATE_DESC_HK	_PRIMARY_CATEGORY_CODE	_PRIMARY_CATEGORY_DESC_EN	_PRIMARY_CATEGORY_DESC_HK	_PRODUCT_IMAGE_EN	_PRODUCT_IMAGE_HK	_PRODUCT_CREATED_DATE	_PRODUCT_DESCRIPTION_EN	_PRODUCT_DESCRIPTION_HK	_PRODUCT_LONG_DESCRIPTION_EN	_PRODUCT_LONG_DESCRIPTION_HK	_TAG_CODE_A	_TAG_CODE_B	_TAG_CODE_C	_TAG_CODE_D	_TAG_CODE_E	_PRODUCT_MARKDOWN_PRICE_HKD	_PRODUCT_MARKDOWN_PRICE_USD	_PRODUCT_RETAIL_PRICE_HKD	_PRODUCT_RETAIL_PRICE_USD	_PRODUCT_STATUS_CODE	_PRODUCT_UPC_CODE
LAYLA  	LAYLA	萊拉	ACC01	ProductBasic	飾物	AOPAD	Packing decorations	包裝裝飾物	30833030_1.jpg	30833030_1.jpg	03/07/20 12:00 AM	High Class See through Rose Packaging box (Leather paper)	高檔花盒透明玫瑰花禮盒 ( 高質皮紙) 	High Class See through Rose Packaging box, with 1 layer draw for earrings. Great for gifts presentation 	高檔透明玫瑰花禮盒 有一層櫃桶裝耳環送禮一流	Tag18					50	6.4	50	6.4	ACT01	30833030
LAYLA  	LAYLA	萊拉	ACC01	ProductBasic	飾物	AOPAD	Packing decorations	包裝裝飾物	30833031_1.jpg	30833031_1.jpg	07/18/20 12:00 AM	High Class See through Rose Packaging box ( Plastic)	高檔花盒透明玫瑰花禮盒 (高質膠)	High Class See through Rose Packaging box, with 1 layer draw for earrings. Great for gifts presentation 	高檔透明玫瑰花禮盒 有一層櫃桶裝耳環送禮一流	Tag18					50	6.4	50	6.4	ACT01	30833031
LAYLA  	LAYLA	萊拉	ACC01	ProductBasic	飾物	AJEAR	Earrings	耳環	30833032_1.jpg	30833032_1.jpg	03/07/20 12:00 AM	Korean Big White Flowers pretty Earrings 	韓國大白茶花精緻耳環	Elegant, Pretty, Sweet Big White Flower earrings  	高氣質,時尚,甜美大白茶花耳環	Tag05					30	3.8	30	3.8	ACT01	30833032
LAYLA  	LAYLA	萊拉	ACC01	ProductBasic	飾物	AHHAB	Hair Bands	頭箍	30833033_1.jpg	30833033_1.jpg	03/07/20 12:00 AM	Korean Fashion Stripey Hairband	韓國時尚條紋頭箍			Tag17	Tag05				20	2.6	20	2.6	ACT01	30833033
LAYLA  	LAYLA	萊拉	ACC01	ProductBasic	飾物	AJEAR	Earrings	耳環	30833034_1.jpg	30833034_1.jpg	03/07/20 12:00 AM	Heart Shaped Earrings 	心形耳環			Tag05					20	2.6	20	2.6	ACT01	30833034
LAYLA  	LAYLA	萊拉	ACC01	ProductBasic	飾物	AHHAC	Hair Clips	髮夾	30833035_1.jpg	30833035_1.jpg	03/07/20 12:00 AM	Vintage Beige and Black Hair Clip with gold colour logo 	古代小香奶茶色髮夾	8.8 x 1.8 cm	8.8 x 1.8 cm	Tag17	Tag05				80	10.3	80	10.3	ACT01	30833035
LAYLA  	LAYLA	萊拉	ACC01	ProductBasic	飾物	AJEAR	Earrings	耳環	30833036_1.jpg	30833036_1.jpg	07/18/20 12:00 AM	S925 needle Korean Big Pearly dingle Earrings 	S925銀針韓國優雅復古珍珠耳環			Tag02					25	3.2	25	3.2	ACT01	30833036
LAYLA  	LAYLA	萊拉	ACC01	ProductBasic	飾物	AJEAR	Earrings	耳環	30833037_1.jpg	30833037_1.jpg	07/18/20 12:00 AM	S925 needle Korean Spaceman Big Moon Earrings 	S925銀針宇宙大空人月亮耳環			Tag05					40	5.1	40	5.1	ACT01	30833037
LAYLA  	LAYLA	萊拉	ACC01	ProductBasic	飾物	AJNEC	Necklaces	項鍊	30833038_1.jpg	30833038_1.jpg	07/18/20 12:00 AM	Korea Cute Fried Egg Necklace 	愛心大煎蛋項鏈(如圖包鏈) 			Tag05					40	5.1	40	5.1	ACT01	30833038
IPSY 	IPSY 	葉子	ACC01	ProductBasic	飾物	FBWAL	Wallet 	銀包	30833039_1.jpg	30833039_1.jpg	07/18/20 12:00 AM	Waterproof Outer Blue Makeup Wallet pouch 18x12cm	防水藍色18x12cm化妝袋,銀包仔			Tag05					30	3.8	30	3.8	ACT01	30833039
LAYLA  	LAYLA	萊拉	ACC01	ProductBasic	飾物	AJNEC	Necklaces	項鍊	30833040_1.jpg	30833040_1.jpg	07/18/20 12:00 AM	Single Flower Clover Cosmos Necklace	靚靚斯文小小四葉花氣質鎖骨項鏈			Tag05					40	5.1	40	5.1	ACT01	30833040
LAYLA  	LAYLA	萊拉	ACC01	ProductBasic	飾物	AJEAR	Earrings	耳環	30833041_1.jpg	30833041_1.jpg	07/18/20 12:00 AM	Rainbow colour smiley face flower Earrings 	彩虹花花開心笑耳環			Tag02					25	3.2	25	3.2	ACT01	30833041
LAYLA  	LAYLA	萊拉	ACC01	ProductBasic	飾物	AJEAR	Earrings	耳環	30833042_1.jpg	30833042_1.jpg	07/18/20 12:00 AM	Korean Smiley face on pearly white shell Earrings 	韓國開心笑珍珠貝耳環			Tag05					40	5.1	40	5.1	ACT01	30833042
LAYLA  	LAYLA	萊拉	ACC01	ProductBasic	飾物	AJEAR	Earrings	耳環	30833043_1.jpg	30833043_1.jpg	07/18/20 12:00 AM	Happy Yellow Flowers Clip On Earrings	開心大向日葵花花耳夾			Tag02	Tag05				20	2.6	20	2.6	ACT01	30833043
LAYLA  	LAYLA	萊拉	ACC01	ProductBasic	飾物	AJEAR	Earrings	耳環	30833044_1.jpg	30833044_1.jpg	07/18/20 12:00 AM	Happy Green Flowers Clip On Earrings	開心大綠花耳夾			Tag02	Tag05				20	2.6	20	2.6	ACT01	30833044
LAYLA  	LAYLA	萊拉	ACC01	ProductBasic	飾物	AJEAR	Earrings	耳環	30833045_1.jpg	30833045_1.jpg	07/18/20 12:00 AM	Korean white tea flower elegant pearls and crystals Earrings 	韓國白茶花配水晶珍珠氣質仙女耳環			Tag02	Tag05				40	5.1	40	5.1	ACT01	30833045
LAYLA  	LAYLA	萊拉	ACC01	ProductBasic	飾物	AJEAR	Earrings	耳環	30833046_1.jpg	30833046_1.jpg	07/18/20 12:00 AM	Korean sweet pink ribbon bunny rabbit Earrings	韓國甜美花朵蝴蝶可愛兔仔耳環			Tag03	Tag05				45	5.8	45	5.8	ACT01	30833046
LAYLA  	LAYLA	萊拉	ACC01	ProductBasic	飾物	AHHAB	Hair Bands	頭箍	30833047_1.jpg	30833047_1.jpg	07/18/20 12:00 AM	Pretty Girl Hair Sticker 	可愛美少女頭髮貼可愛	10 x 6 cm 	10 x 6 cm 	Tag17					5	0.6	5	0.6	ACT01	30833047
LAYLA  	LAYLA	萊拉	ACC01	ProductBasic	飾物	AHHAT	Hair Ties 	頭髮橡筋	30833048_1.jpg	30833048_1.jpg	07/18/20 12:00 AM	Multicolour flower Hair Bobbles 	韓國可愛花花頭髮橡筋	Each pack contains 6 flowery Hair bobbles in multiple colours	每pack 6條不同顔色的橡筋	Tag02	Tag05	Tag17			10	1.3	10	1.3	ACT01	30833048
SCOTI	Scottish Hendoz	蘇格蘭亨多斯	ACC01	ProductBasic	飾物	FBHAN	Handbags	包包	30833049_1.jpg	30833049_1.jpg	07/18/20 12:00 AM	Scottish Hendoz Multi purpose Navy Blue with white dots Crossbody Bag	新款蘇格蘭亨多斯深藍色多用途斜孭包 	19 x 7 x 26 cm , zipped outer pocket, hidden pocket inside. Great for café, supermarket, restaurnat outings. Bag is roomy can easily fit in wallet, umbrella, masks, tissues, handphones and keys. 	19 x 7 x 26 cm ,拉鏈外袋, 內有暗袋買餸食飯休閒可以百搭用可以放好多嘢㗎	Tag07	Tag12				30	3.8	30	3.8	ACT01	30833049
SCOTI	Scottish Hendoz	蘇格蘭亨多斯	ACC01	ProductBasic	飾物	FBHAN	Handbags	包包	30833050_1.jpg	30833050_1.jpg	07/18/20 12:00 AM	Scottish Hendoz Multi purpose Black with pink dots Crossbody Bag	新款蘇格蘭亨多斯黑色多用途斜孭包 	19 x 7 x 26 cm , zipped outer pocket, hidden pocket inside. Great for café, supermarket, restaurnat outings. Bag is roomy can easily fit in wallet, umbrella, masks, tissues, handphones and keys. 	19 x 7 x 26 cm ,拉鏈外袋, 內有暗袋買餸食飯休閒可以百搭用可以放好多嘢㗎	Tag07	Tag12				30	3.8	30	3.8	ACT01	30833050
SCOTI	Scottish Hendoz	蘇格蘭亨多斯	ACC01	ProductBasic	飾物	FBHAN	Handbags	包包	30833051_1.jpg	30833051_1.jpg	07/18/20 12:00 AM	Scottish Hendoz Multi purpose Pink with green dots Crossbody Bag	新款蘇格蘭亨多斯粉紅色多用途斜孭包 	19 x 7 x 26 cm , zipped outer pocket, hidden pocket inside. Great for café, supermarket, restaurnat outings. Bag is roomy can easily fit in wallet, umbrella, masks, tissues, handphones and keys. 	19 x 7 x 26 cm ,拉鏈外袋, 內有暗袋買餸食飯休閒可以百搭用可以放好多嘢㗎	Tag07	Tag12				30	3.8	30	3.8	ACT01	30833051
LBS	Little Bag	小包包	ACC01	ProductBasic	飾物	FBHAN	Handbags	包包	30833052_1.jpg	30833052_1.jpg	07/18/20 12:00 AM	LBS Brown small Crossbody Bag	新款啡色LBS版休閒斜孭女包	18 x 5 x 13 cm, High quality PU material Bag Weight: 160g  	18 x 5 x 13 cm, 高質PU 重量:160g	Tag07	Tag12				50	6.4	50	6.4	ACT01	30833052
LBS	Little Bag	小包包	ACC01	ProductBasic	飾物	FBHAN	Handbags	包包	30833029_1.jpg	30833029_1.jpg	02/08/20 12:00 AM	LBS Brown wallet Clip Bag	新款啡色LBS金扣休閒斜孭女包	18.5 x 5.5 x 11 cm , High quality PU material Bag Weight: 130g 	18.5 x 5.5 x 11 cm, 高質PU 重量:130g	Tag07	Tag12				40	5.1	40	5.1	ACT01	30833029
LAYLA  	LAYLA	萊拉	ACC01	ProductBasic	飾物	FFSLI	Slippers	拖鞋	30833053_1.jpg	30833053_1.jpg	07/18/20 12:00 AM	Korean Cute White Rabbit FlipFlops (EU37) 	韓國可愛兔兔人字拖女室內室外(EU37)	Can wear outdoor or indoor 	室內室外也可以	Tag03	Tag05				35	4.5	35	4.5	ACT01	30833053
LBS	Little Bag	小包包	ACC01	ProductBasic	飾物	FBHAN	Handbags	包包	30833054_1.jpg	30833054_1.jpg	07/18/20 12:00 AM	Korean Slim Waist Bag Fanny Pack (White) 	韓國多功能胸包	31 x 18.5 x 8.5 cm, Adjustable body strap. Secure clasp fastening. Zip Closure  Material: Polyester 	31 x 18.5 x 8.5 cm, 	Tag08	Tag05	Tag10	Tag11		80	10.3	80	10.3	ACT01	30833054
LAYLA  	LAYLA	萊拉	ACC01	ProductBasic	飾物	FFSLI	Slippers	拖鞋	30833055_1.jpg	30833055_1.jpg	07/18/20 12:00 AM	White 4cm Platform Slipons	韓國厚底4cm白色女拖鞋 (EU38)	4cm platform, Soft sole 	厚底4cm	Tag09	Tag05				60	7.7	60	7.7	ACT01	30833055
LBS	Little Bag	小包包	ACC01	ProductBasic	飾物	FBBAC	Backpacks	背囊	30833056_1.jpg	30833056_1.jpg	07/18/20 12:00 AM	Unisex Korean Black Sport BackPack	中性韓版黑色運動背包	40 x 14 x 31 cm Can fit A4 size, laptops, water bottles. Multi-purpose bag,  great for Man and Woman 	40 x 14 x 31 cm. 可以容納A4尺寸書，手提電腦，水壺。非常適合男女的多功能袋	Tag08	Tag10	Tag05			100	12.8	100	12.8	ACT01	30833056
LBS	Little Bag	小包包	ACC01	ProductBasic	飾物	FBHAN	Handbags	包包	30833057_1.jpg	30833057_1.jpg	07/18/20 12:00 AM	Unisex Purple Sporty Student Postman Crossbody Bag	中性紫色運動學生郵差斜孭包	16 x 10 x 25 cm, straps max length :130cm 	16 x 10 x 25 cm, 帶最大長度: 130 cm	Tag08	Tag10				60	7.7	60	7.7	ACT01	30833057
LBS	Little Bag	小包包	ACC01	ProductBasic	飾物	FBHAN	Handbags	包包	30833058_1.jpg	30833058_1.jpg	07/18/20 12:00 AM	Unisex Black Sporty Student Postman Crossbody Bag	中性黑色運動學生郵差斜孭包	16 x 10 x 25 cm, straps max length :130cm 	16 x 10 x 25 cm, 帶最大長度: 130 cm	Tag08	Tag10				60	7.7	60	7.7	ACT01	30833058
LBS	Little Bag	小包包	ACC01	ProductBasic	飾物	FBHAN	Handbags	包包	30833059_1.jpg	30833059_1.jpg	07/18/20 12:00 AM	Black with White Text Bump Bag (Mens) 	黑底白字男多功能胸包	40 x 20 x 19 cm, Material: Nylon	40 x 20 x 19 cm, 尼龍	Tag10	Tag08	Tag11			80	10.3	80	10.3	ACT01	30833059
LBS	Little Bag	小包包	ACC01	ProductBasic	飾物	FBHAN	Handbags	包包	30833060_1.jpg	30833060_1.jpg	07/18/20 12:00 AM	Black with Gold Text Bump Bag (Mens) 	黑底金字男多功能胸包	40 x 20 x 19 cm, Material: Nylon 	40 x 20 x 19 cm, 尼龍	Tag10	Tag08	Tag11			80	10.3	80	10.3	ACT01	30833060
LBS	Little Bag	小包包	ACC01	ProductBasic	飾物	FBBAC	Backpacks	背囊	30833061_1.jpg	30833061_1.jpg	07/18/20 12:00 AM	Multi purpose Black checkered patten BackPack	多用途黑色格紋背囊	36 x 14 x 26 cm, Material: Oxford	36 x 14 x 26 cm, 牛津布	Tag12	Tag12				100	12.8	100	12.8	ACT01	30833061
LBS	Little Bag	小包包	ACC01	ProductBasic	飾物	FBHAN	Handbags	包包	30833062_1.jpg	30833062_1.jpg	07/18/20 12:00 AM	Japanese Sukura Pretty Mama Blue background Crossbody Bag	日式花紋靚靚媽咪斜孭袋(藍色)	23 x 15 x 13 cm, Material:  Nylon 	23 x 15 x 13 cm,  尼龍	Tag12					50	6.4	50	6.4	ACT01	30833062
LBS	Little Bag	小包包	ACC01	ProductBasic	飾物	FBHAN	Handbags	包包	30833063_1.jpg	30833063_1.jpg	07/18/20 12:00 AM	Japanese Sukura Pretty Mama Purple background Crossbody Bag	日式花紋靚靚媽咪斜孭袋(紫色)	23 x 15 x 13 cm, Material:  Nylon 	23 x 15 x 13 cm,  尼龍	Tag12					50	6.4	50	6.4	ACT01	30833063
LBS	Little Bag	小包包	ACC01	ProductBasic	飾物	FBHAN	Handbags	包包	30833064_1.jpg	30833064_1.jpg	07/18/20 12:00 AM	Oxford Bag Pretty Mama Crossbody Bag (Black) 	牛津布靚靚媽咪防水尼龍帆布多用途斜孭袋(黑色)	20 x 29 x 10 cm, Material: Oxford	20 x 29 x 10 cm, 牛津布	Tag12					50	6.4	50	6.4	ACT01	30833064
LBS	Little Bag	小包包	ACC01	ProductBasic	飾物	FBHAN	Handbags	包包	30833065_1.jpg	30833065_1.jpg	07/18/20 12:00 AM	Oxford Bag Pretty Mama Crossbody Bag (Navy Blue)	牛津布靚靚媽咪防水尼龍帆布多用途斜孭袋(寶藍色)	20 x 29 x 10 cm, Material: Oxford	20 x 29 x 10 cm, 牛津布	Tag12					50	6.4	50	6.4	ACT01	30833065
LBS	Little Bag	小包包	ACC01	ProductBasic	飾物	FBWAL	Wallet 	銀包	30833066_1.jpg	30833066_1.jpg	07/18/20 12:00 AM	Pink Hearts Pretty Wallet 	粉紅心心長銀包	18 x 6 x 12 cm 	18 x 6 x 12 cm 	Tag12					30	3.8	30	3.8	ACT01	30833066
LBS	Little Bag	小包包	ACC01	ProductBasic	飾物	FCPOC	Pockets 	文件袋	30833067_1.jpg	30833067_1.jpg	07/18/20 12:00 AM	A4 Sized zipped with handle File Pocket (Farting bear) 	A4放屁大能拉鍊文件袋	A4		Tag13					12	1.5	12	1.5	ACT01	30833067
LBS	Little Bag	小包包	ACC01	ProductBasic	飾物	FCPOC	Pockets 	文件袋	30833068_1.jpg	30833068_1.jpg	07/18/20 12:00 AM	A4 Sized zipped with handle File Pocket (Blue pigs) 	A4飛天豬仔拉鍊文件袋	A4		Tag13					12	1.5	12	1.5	ACT01	30833068
LBS	Little Bag	小包包	ACC01	ProductBasic	飾物	FCPOC	Pockets 	文件袋	30833069_1.jpg	30833069_1.jpg	07/18/20 12:00 AM	A4 Sized zipped with handle File Pocket (Pink pig) 	A4粉紅為食豬拉鍊文件袋	A4		Tag13					12	1.5	12	1.5	ACT01	30833069
LBS	Little Bag	小包包	ACC01	ProductBasic	飾物	FCPOC	Pockets 	文件袋	30833070_1.jpg	30833070_1.jpg	07/18/20 12:00 AM	A6 sized zipped pink bunny Pen Bag 	A6粉紅小兔筆袋	A6 , Material: PU 	A6 , Material: PU 	Tag13					10	1.3	10	1.3	ACT01	30833070
LBS	Little Bag	小包包	ACC01	ProductBasic	飾物	FCPOC	Pockets 	文件袋	30833071_1.jpg	30833071_1.jpg	07/18/20 12:00 AM	A6 sized zipped yellow duckling Pen Bag 	A6黃色小鴨筆袋	A6 , Material: PU 	A6 , Material: PU 	Tag13					10	1.3	10	1.3	ACT01	30833071
LBS	Little Bag	小包包	ACC01	ProductBasic	飾物	FBHAN	Handbags	包包	30833072_1.jpg	30833072_1.jpg	07/18/20 12:00 AM	Chic Sporty Hobo underarm Bag (Black) 	少女運動腋下小手袋 (黑色)	18 x 22 x 7 cm, 裝到好多嘢嘅潮物! 	18 x 22 x 7 cm, looks small but it can fit a lot! 	Tag14	Tag08				50	6.4	50	6.4	ACT01	30833072
LINSY	LINSY	Linsy連斯	ACC01	ProductBasic	飾物	HFCAR	Carpets	地毯	30833073_1.jpg	30833073_1.jpg	07/18/20 12:00 AM	Circle Carpet (Black) 	圓圈地毯 (黑色)	Diameter: 60cm High quality manmade velvet Suitable for bedroom,kitchen,toilet,front door!	直徑: 60cm 優質水晶絨 房間,化妝間,廁所,廚房門口,度度都擺得! 	Tag05	Tag15				100	12.8	100	12.8	ACT01	30833073
LINSY	LINSY	Linsy連斯	ACC01	ProductBasic	飾物	HFCAR	Carpets	地毯	30833074_1.jpg	30833074_1.jpg	07/18/20 12:00 AM	Circle Carpet (Pink) 	圓圈地毯 (粉紅色)	Diameter: 60cm High quality manmade velvet	直徑: 60cm 優質水晶絨	Tag05	Tag15				100	12.8	100	12.8	ACT01	30833074
LBS	Little Bag	小包包	ACC01	ProductBasic	飾物	FBHAN	Handbags	包包	30833075_1.jpg	30833075_1.jpg	07/18/20 12:00 AM	Little Mouse Waterproof PU material Bump Bag (White) 	小老鼠防水PU腰包袋白色	13 x 30 x 8 cm , PU  Perfect to wipe with disinfecting agents	13 x 30 x 8 cm, 超靚, 防疫一流, 消毒濕紙巾,抹一萬次都唔怕	Tag09	Tag11				50	6.4	50	6.4	ACT01	30833075
LBS	Little Bag	小包包	ACC01	ProductBasic	飾物	FBHAN	Handbags	包包	30833076_1.jpg	30833076_1.jpg	02/08/20 12:00 AM	Little Mouse Waterproof PU material Cylinder Bag (Brown) 	小老鼠防水PU圓筒包包袋啡色	21 x 9 x 9 cm	21 x 9 x 9 cm	Tag12					80	10.3	80	10.3	ACT01	30833076
LBS	Little Bag	小包包	ACC01	ProductBasic	飾物	FBHAN	Handbags	包包	30833077_1.jpg	30833077_1.jpg	02/08/20 12:00 AM	Black mobile pouch with gold square twist lock 	方形金扣PU手機袋(黑色)	18 x 4.5 x 13 cm 	18 x 4.5 x 13 cm 	Tag12					50	6.4	50	6.4	ACT01	30833077
PHONY	Phoney 	Phoney 	ACC01	ProductBasic	飾物	FPAPP	Apple	蘋果手機配件 	30833078_1.jpg	30833078_1.jpg	02/08/20 12:00 AM	Black Phone Cover 	黑色手機套	Suitable Apple 11 Pro	適合 Apple 11 Pro	Tag12	Tag10				30	3.8	30	3.8	ACT01	30833078
LBS	Little Bag	小包包	ACC01	ProductBasic	飾物	FBWAL	Wallet 	銀包	30833079_1.jpg	30833079_1.jpg	02/08/20 12:00 AM	Coin Wallet With Zips ( can fit cards and coins) 	拉鏈錢Coin包	10.5 x 2 x 7.5 cm	10.5 x 2 x 7.5 cm	Tag12					25	3.2	25	3.2	ACT01	30833079
LBS	Little Bag	小包包	ACC01	ProductBasic	飾物	FBWAL	Wallet 	銀包	30833080_1.jpg	30833080_1.jpg	02/08/20 12:00 AM	Small D Simple Wallet 	小號D簡約錢包	9 x 1.5 x 11.5 cm	9 x 1.5 x 11.5 cm	Tag12					30	3.8	30	3.8	ACT01	30833080
LAYLA  	LAYLA	萊拉	ACC01	ProductBasic	飾物	AJEAR	Earrings	耳環	30833081_1.jpg	30833081_1.jpg	02/08/20 12:00 AM	VC Lucky Flower Earrings ( Silver with white pearly shells) 	VC 銀色配白色珍珠貝幸運花花耳環			Tag02	Tag05				40	5.1	40	5.1	ACT01	30833081
LBS	Little Bag	小包包	ACC01	ProductBasic	飾物	FBWAL	Wallet 	銀包	30833082_1.jpg	30833082_1.jpg	02/08/20 12:00 AM	Busy Bee Red Wallet 	忙碌小的蜜蜂高貴紅色銀包	9 x 12 x 1.5 cm	9 x 12 x 1.5 cm	Tag12					30	3.8	30	3.8	ACT01	30833082
LBS	Little Bag	小包包	ACC01	ProductBasic	飾物	FBWAL	Wallet 	銀包	30833083_1.jpg	30833083_1.jpg	02/08/20 12:00 AM	Busy Bee Green Wallet 	忙碌小的蜜蜂高貴綠色銀包	9 x 12 x 1.5 cm	9 x 12 x 1.5 cm	Tag12					30	3.8	30	3.8	ACT01	30833083
LBS	Little Bag	小包包	ACC01	ProductBasic	飾物	FBHAN	Handbags	包包	30833084_1.jpg	30833084_1.jpg	02/08/20 12:00 AM	Brown mobile pouch with gold square twist lock 	方形金扣PU手機袋(啡色)	18 x 4.5 x 13 cm , Brown	18 x 4.5 x 13 cm ,啡色	Tag12					50	6.4	50	6.4	ACT01	30833084
LBS	Little Bag	小包包	ACC01	ProductBasic	飾物	FBHAN	Handbags	包包	30833085_1.jpg	30833085_1.jpg	02/09/20 12:00 AM	Red mobile pouch with gold square twist lock 	方形金扣PU手機袋(红色)	18 x 4.5 x 13 cm , Brown	18 x 4.5 x 13 cm ,红色	Tag12					50	6.4	50	6.4	ACT01	30833085
HLEAF	HAPPYLEAF	開心葉	ACC01	ProductBasic	飾物	FFSOC	Socks	襪	30833086_1.jpg	30833086_1.jpg	02/10/20 12:00 AM	HAPPYLEAF Unisex multi colour pure cotton sport socks (gift pack of 5 pairs) 	HAPPYLEAF男女潮流襪純棉中筒運動襪 (禮盒5對裝)	Cotton Material, Anti slippery, it is a gift box set of 5. One size fit all ( EU36-43) 	純棉, 吸汗防滑, 禮盒5對裝, 均碼36至43	Tag19					80	10.3	80	10.3	ACT01	30833086
HLEAF	HAPPYLEAF	開心葉	ACC01	ProductBasic	飾物	FFSLI	Slippers	拖鞋	30833087_1.jpg	30833087_1.jpg	02/11/20 12:00 AM	HAPPYLEAF F* OFF Slippers (White) 	HAPPYLEAF男女潮流白色運動拖鞋	Size EU40	EU40碼	Tag19					80	10.3	80	10.3	ACT01	30833087
HLEAF	HAPPYLEAF	開心葉	ACC01	ProductBasic	飾物	FFSLI	Slippers	拖鞋	30833088_1.jpg	30833088_1.jpg	02/12/20 12:00 AM	HAPPYLEAF F* OFF Slippers (Black) 	HAPPYLEAF男女潮流黑色運動拖鞋	Size EU40	EU40碼	Tag19					80	10.3	80	10.3	ACT01	30833088
LAYLA  	LAYLA	萊拉	ACC01	ProductBasic	飾物	FFSLI	Slippers	拖鞋	30833089_1.jpg	30833089_1.jpg	02/13/20 12:00 AM	Korean Style Pink Flat Slippers 	粉紅色平底韓版女拖鞋	Pink, Size EU39 	粉紅色, Size EU39	Tag05	Tag12				30	3.8	30	3.8	ACT01	30833089
HLEAF	HAPPYLEAF	開心葉	ACC01	ProductBasic	飾物	FBHAN	Handbags	包包	30833090_1.jpg	30833090_1.jpg	02/14/20 12:00 AM	"Hurry Up ""On my way"" Red and Black Crossbody Bag"	"快D 快 D ""On my way"" 红黑斜孭袋"	Bag: 14 x 20 x 1 cm , Straps : 120cm , Material:  Oxford Cloth 	袋: 14 x 20 x 1 cm , 帶: 120cm , 布料: 牛津布	Tag19					60	7.7	60	7.7	ACT01	30833090
HLEAF	HAPPYLEAF	開心葉	ACC01	ProductBasic	飾物	FBBAC	Backpacks	背囊	30833091_1.jpg	30833091_1.jpg	02/15/20 12:00 AM	HAPPYLEAR Unisex White with happy green leaf BackPack  	HAPPYLEAF中性男女運動背包囊	Bag: 38 x 28 x 11 cm 	38 x 28 x 11 cm 	Tag19	Tag10				100	12.8	80	10.3	ACT01	30833091
LAYLA  	LAYLA	萊拉	ACC01	ProductBasic	飾物	FFSLI	Slippers	拖鞋	30833092_1.jpg	30833092_1.jpg	02/16/20 12:00 AM	Elegant Beach Off white flowers Flipflop 	高雅花花米白沙灘人字拖	Size EU39 (24cm)	Size EU39 (24cm)	Tag02					40	5.1	30	3.8	ACT01	30833092
LAYLA  	LAYLA	萊拉	ACC01	ProductBasic	飾物	FBHAN	Handbags	包包	30833093_1.jpg	30833093_1.jpg	02/17/20 12:00 AM	Little Mouse Waterproof PU material LIttle Tote Bag	小老鼠防水PU小手袋	Bag: 26 x 26 x 11 cm,  Material:  PU	袋:26 x 26 x 11 cm,  料:  PU	Tag05					60	7.7	50	6.4	ACT01	30833093
HLEAF	HAPPYLEAF	開心葉	ACC01	ProductBasic	飾物	FBHAN	Handbags	包包	30833094_1.jpg	30833094_1.jpg	02/18/20 12:00 AM	HAPPYLEAF Unisex White with happy green leaf Crossbody Bag	HAPPYLEAF中性男女運動斜孭袋	Bag: 30 x 30 x 13 cm	袋: 30 x 30 x 13 cm	Tag19					100	12.8	80	10.3	ACT01	30833094
DLE01	Dole	Dole	ACC01	ProductBasic	飾物	SVG01	Starchy	澱粉蔬菜	13159658_1.jpg	13159658_1.jpg	02/20/20 12:00 AM	Pumpkin	南瓜	Pumpkin	南瓜						43.2	5.5	48	6.2	ACT01	13159658
PLA01	Planters	Planters	ACC01	ProductBasic	飾物	MEL01	Melons	瓜	10688155_1.jpg	10688155_1.jpg	02/21/20 12:00 AM	Musk Melon	麝香甜瓜	Musk Melon	麝香甜瓜						32.4	4.2	36	4.6	ACT01	10688155
PLA01	Planters	Planters	ACC01	ProductBasic	飾物	POM01	Pomes	梨果	18911676_1.jpg	18911676_1.jpg	02/22/20 12:00 AM	Apple	蘋果	Apple	蘋果						64.8	8.3	72	9.2	ACT01	18911676
PLA01	Planters	Planters	ACC01	ProductBasic	飾物	SVG01	Starchy	澱粉蔬菜	14445678_1.jpg	14445678_1.jpg	02/23/20 12:00 AM	carrot	胡萝卜	carrot	胡萝卜	GFR01					50.4	6.5	56	7.2	ACT01	14445678
DIV01	Diva	Diva	ACC01	ProductBasic	飾物	OTH01	Other	其他蔬菜	64377789_1.jpg	64377789_1.jpg	02/24/20 12:00 AM	mushroom	蘑菇	mushroom	蘑菇						54	6.9	60	7.7	ACT01	64377789
ENZ01	Enza	Enza	ACC01	ProductBasic	飾物	CAS01	Cashews	腰果	17152401_1.jpg	17152401_1.jpg	02/25/20 12:00 AM	Cashews	腰果	Cashews	腰果						585	75	650	83.3	ACT01	17152401
ENZ01	Enza	Enza	ACC01	ProductBasic	飾物	ONT01	Other Nuts	其他堅果	16067775_1.jpg	16067775_1.jpg	02/26/20 12:00 AM	Walnuts	核桃	Walnuts	核桃						153	19.6	170	21.8	ACT01	16067775
DIV01	Diva	Diva	ACC01	ProductBasic	飾物	ONT01	Other Nuts	其他堅果	16153782_1.jpg	16153782_1.jpg	02/27/20 12:00 AM	Nuts Mixture	堅果混合物	Nuts Mixture	堅果混合物						855	109.6	950	121.8	ACT01	16153782
GOL01	Gold	Gold	ACC01	ProductBasic	飾物	CIT01	Citrus	柑橘	23464789_1.jpg	23464789_1.jpg	02/28/20 12:00 AM	orange	橙子	orange	橙子	ORG01					67.5	8.7	75	9.6	ACT01	23464789
GLO01	Glorys	Glorys	ACC01	ProductBasic	飾物	OTH01	Other	其他蔬菜	15410595_1.jpg	15410595_1.jpg	02/29/20 12:00 AM	Corn	玉米	Corn	玉米						67.5	8.7	75	9.6	ACT01	15410595
DRI01	Driscolls	Driscolls	ACC01	ProductBasic	飾物	OTH01	Other	其他蔬菜	23477789_1.jpg	23477789_1.jpg	03/01/20 12:00 AM	brinjal	茄子	brinjal	茄子	GFR01					31.5	4	35	4.5	ACT01	23477789
ADO01	Adora	Adora	ACC01	ProductBasic	飾物	PIS01	Pistachios	開心果	15946292_1.jpg	15946292_1.jpg	03/02/20 12:00 AM	Pistachio	開心果	Pistachio	開心果						171	21.9	190	24.4	ACT01	15946292
GLO01	Glorys	Glorys	ACC01	ProductBasic	飾物	POM01	Pomes	梨果	18170258_1.jpg	18170258_1.jpg	03/03/20 12:00 AM	Pears	梨	Pears	梨						62.1	8	69	8.8	ACT01	18170258
DRI01	Driscolls	Driscolls	ACC01	ProductBasic	飾物	ALM01	Almonds	杏仁	13627671_1.jpg	13627671_1.jpg	03/04/20 12:00 AM	Almonds	杏仁	Almonds	杏仁						180	23.1	200	25.6	ACT01	13627671
SHI01	Shine	Shine	ACC01	ProductBasic	飾物	BER01	Berries	漿果	19037164_1.jpg	19037164_1.jpg	03/05/20 12:00 AM	Strawberry	草莓	Strawberry	草莓						162	20.8	180	23.1	ACT01	19037164
DRI01	Driscolls	Driscolls	ACC01	ProductBasic	飾物	MEL01	Melons	瓜	15483827_1.jpg	15483827_1.jpg	03/06/20 12:00 AM	Water Melon	西瓜	Water Melon	西瓜						25.2	3.2	28	3.6	ACT01	15483827
SHI01	Shine	Shine	ACC01	ProductBasic	飾物	OTH01	Other	其他蔬菜	18188784_1.jpg	18188784_1.jpg	03/07/20 12:00 AM	Onion	洋蔥	Onion	洋蔥						14.4	1.8	16	2.1	ACT01	18188784
GLO01	Glorys	Glorys	ACC01	ProductBasic	飾物	ROV01	Red and Orange	紅色和橙色蔬菜	23739283_1.jpg	23739283_1.jpg	03/08/20 12:00 AM	beetroot	红菜头	beetroot	红菜头						28.8	3.7	32	4.1	ACT01	23739283
ADO01	Adora	Adora	ACC01	ProductBasic	飾物	POM01	Pomes	梨果	17235347_1.jpg	17235347_1.jpg	03/09/20 12:00 AM	Pomegranate	石榴	Pomegranate	石榴	GFR01					85.5	11	95	12.2	ACT01	17235347
DRI01	Driscolls	Driscolls	ACC01	ProductBasic	飾物	BER01	Berries	漿果	17236024_1.jpg	17236024_1.jpg	03/10/20 12:00 AM	RaspberryDan	覆盆子	RaspberryDan	覆盆子						144	18.5	160	20.5	ACT01	17236024
PLA01	Planters	Planters	ACC01	ProductBasic	飾物	DGV01	Dark Green	深綠色蔬菜	19633678_1.jpg	19633678_1.jpg	03/11/20 12:00 AM	brocolli	西兰花	brocolli	西兰花						108	13.8	120	15.4	ACT01	19633678
DLE01	Dole	Dole	ACC01	ProductBasic	飾物	BAP01	Beans and Peas	豆類和豌豆	12366678_1.jpg	12366678_1.jpg	03/12/20 12:00 AM	beans	豆子	beans	豆子						73.8	9.5	82	10.5	ACT01	12366678
SHI01	Shine	Shine	ACC01	ProductBasic	飾物	SVG01	Starchy	澱粉蔬菜	23456645_1.jpg	23456645_1.jpg	03/13/20 12:00 AM	cauliflower	菜花	cauliflower	菜花						54	6.9	60	7.7	ACT01	23456645
ENZ01	Enza	Enza	ACC01	ProductBasic	飾物	SVG01	Starchy	澱粉蔬菜	76477789_1.jpg	76477789_1.jpg	03/14/20 12:00 AM	potato	土豆	potato	土豆	GFR01					19.8	2.5	22	2.8	ACT01	76477789
ADO01	Adora	Adora	ACC01	ProductBasic	飾物	TRO01	Tropical	熱帶	17366878_1.jpg	17366878_1.jpg	03/15/20 12:00 AM	Banana	香蕉	Banana	香蕉						40.5	5.2	45	5.8	ACT01	17366878
ENZ01	Enza	Enza	ACC01	ProductBasic	飾物	CIT01	Citrus	柑橘	10760430_1.jpg	10760430_1.jpg	03/16/20 12:00 AM	Grapes	葡萄	Grapes	葡萄						54	6.9	60	7.7	ACT01	10760430
SHI01	Shine	Shine	ACC01	ProductBasic	飾物	CIT01	Citrus	柑橘	25556789_1.jpg	25556789_1.jpg	03/17/20 12:00 AM	tomato	番茄	tomato	番茄						14.4	1.8	16	2.1	ACT01	25556789
GLO01	Glorys	Glorys	ACC01	ProductBasic	飾物	TRO01	Tropical	熱帶	12345678_1.jpg	12345678_1.jpg	03/18/20 12:00 AM	mango	芒果	mango	芒果						67.5	8.7	75	9.6	ACT01	12345678
DIV01	Diva	Diva	ACC01	ProductBasic	飾物	DGV01	Dark Green	深綠色蔬菜	12383658_1.jpg	12383658_1.jpg	03/19/20 12:00 AM	cucumber	黄瓜	cucumber	黄瓜	GFR01					43.2	5.5	48	6.2	ACT01	12383658
